店名,地址,联系方式,详情url
伊微科技美容养生SPA(阜阳万达店),,,https://www.dianping.com/shop/k85fvPUDT7nO1rgX
静润皮肤管理·SPA中心(海亮华府店),,,https://www.dianping.com/shop/k7KqWOLI5DEu4fdH
壹加壹医疗美容(皖北旗舰店),"颍州区
        淮河路万达广场A1区 116-121号
        ",4000876600-1549,https://www.dianping.com/shop/k4gKi7mTIbRnn5A8
关于我们·美甲美睫生活馆,"颍州区
        在万达1号公寓13楼1323
        ",18055886522,https://www.dianping.com/shop/EEhLp3ePaQv6nNwT
克丽缇娜(万达店),"颍州区
        颍南路碧桂园颖州府清涟苑2号楼
        ",0558-2199626,https://www.dianping.com/shop/H3wotk27r4QFqlkS
伊佳一美容养生馆,"临泉县其他
        光明南路61号第一大药房旁边大门院内二楼
        ",13355583336,https://www.dianping.com/shop/H4E1R3Ks8ZS1hWGd
微悦医疗美容医院·眼鼻整形,"颍州区
        经济开发区淮河路与沙河路交叉口天瑞名城19号
        ",4000876600-3144,https://www.dianping.com/shop/jBb1zASQXUM26k4p
金公主SPA尊尚养生会所(摩玛蓝湾店),"颍州区
        颍河西路摩玛蓝湾(大润发对面)
        ",0558-2236688,https://www.dianping.com/shop/G35Bao40fF39fQYR
梵美博瑞美容(玫瑰庄园店),"太和县其他
        民安路与解放路交叉口向西100米路北
        ",15856897868,https://www.dianping.com/shop/l19sY3ADIWnswS98
那年花开美容会所,"临泉县其他
        城东街道光明社区新建路水榭花都北门
        ",13329087699,https://www.dianping.com/shop/H1r8j7U9hv5ACXH7
管管美容养生(颍河东路店),"颍东区
        颍河东路开乐小区田三卷馍楼上一号楼三单元810室
        ",18321545026,https://www.dianping.com/shop/kawNyKpepk0Of2he
自然美Natural Beauty,"颍州区
        颖南路碧桂园颍州府3号商住楼115室
        ",18955892108,https://www.dianping.com/shop/H4Xgvi6C5IkFmz3x
蕾特恩·祛痘皮肤管理中心(商厦店),"颍州区
        颖上北路193号粮运小区沿街楼104号（粮运小区中国建设银行中间）
        ",4008882801,https://www.dianping.com/shop/H12mCrdzNypvnm3L
天蕴美容养生会所(时代广场店),"颍州区
        颍河西路与中南大道交口阜阳商厦时代广场2号楼13楼1306
        ",18844913746,https://www.dianping.com/shop/k4ZHShsuotVvHSDJ
skin79皮肤管理基站(万达广场店),"颍州区
        淮河路万达1号公寓801
        ",17555861977,https://www.dianping.com/shop/k4BMQ2X5TQbY0jSr
AKM皮肤管理中心,"颍州区
        临泉路111号
        ",0558-2528188,https://www.dianping.com/shop/k70SDlFvHc0iiObP
雅典娜美容,"太和县其他
        建设路南侧人民医院北区57幢101铺
        ",15955806006,https://www.dianping.com/shop/laGIj5zbJwogTqcP
Miss睿·半永久•美睫中心,,,https://www.dianping.com/shop/l7YyxGbevA5XcQAe
琪雅美容会所,"临泉县其他
        光明路与前进路交口南150米路东三楼(大转盘南)
        ",15755820339,https://www.dianping.com/shop/GaJdeF0JS4cPdk5w
痘院长·祛痘·皮肤管理(七彩世界店),"颍州区
        清河路与西二环七彩世界10幢1楼116号（到店前，需约时间）
        ",15375009537,https://www.dianping.com/shop/G9Cjp0rvAMQVYgnJ
CICI科颜·抗衰日式美肌(阜南店),"阜南县其他
        焦阳北路与润河路交叉口南行30米路东
        ",17355825591,https://www.dianping.com/shop/k1Mmom1GNzUt5dsj
大小姐美容养生spa馆,,,https://www.dianping.com/shop/EvSd29HfsVjWQJjV
倾城美容养生会所,"颍东区
        幸福西路育新小学斜对面张北中鑫置业7号楼一单元201
        ",15956886696,https://www.dianping.com/shop/jVRV2O81g9cU8aci
清俪雅室美容会所,"颍东区
        阜口路与东平路交叉口新华城北区12栋2003室
        ",13817602645,https://www.dianping.com/shop/l3IaFIQWsM2Xu6pG
云璞Healing,,,https://www.dianping.com/shop/k3hyZNk4Ny01RTAD
珍镱汇美容养生,"颍上县其他
        迎宾大道新城中央城1号楼1206室
        ",15026598202,https://www.dianping.com/shop/FsViYcrrTUEUhuqY
美缘女子养护中心,"阜南县其他
        地城北路富坡商城对面园北巷内五米
        ",15655862827,https://www.dianping.com/shop/iqAKdde6UkMJILjt
每天MT皮肤管理中心,"颍上县其他
        滨水西路太平洋广场2号楼2702
        ",17356968922,https://www.dianping.com/shop/HaAbBaHXlaWWOfit
爱琴海美容养生会所(步行街店),"颍泉区
        颍州北路大戏院天诚大酒店2楼(步行街)
        ",0558-3727272,https://www.dianping.com/shop/H953wboSMK9nGiP0
芭芭多芦荟美容(悦城永辉店),"临泉县其他
        丰泽悦城负一楼
        ",19810876057,https://www.dianping.com/shop/Ha3GcN278hN4PtrT
皇宫塑美美容中心,"颍州区
        颍州南路367号
        ",0558-2589022,https://www.dianping.com/shop/G1Q4aYh7HRgYihnH
佳慕·问题性皮肤管理中心(泉北店),"颍泉区
        北京中路华兴滨河苑北站斜对面（阜阳市颖泉公安局旁，汉庭酒店对面）
        ",0558-2196777,https://www.dianping.com/shop/EFiCylRgH1R0I7ot
克丽缇娜(颍上店),"颍上县其他
        安徽省阜阳市颍上县慎城镇解放北路东侧卫校旁利郎五楼
        ",19159985818,https://www.dianping.com/shop/H45mLDwFyhbqyOHQ
素美美甲美睫纹绣,"颍泉区
        北京中路阳光公寓门口素美美甲美睫
        ",17755819319,https://www.dianping.com/shop/H17OelxJQ1b4UPWn
管管美容养生馆,"颍州区
        万达路万达华府一号楼2单元2007室
        ",18256818921,https://www.dianping.com/shop/l9RVEcISt2SNybmj
克丽缇娜(电力明园店),"颍州区
        人民西路电力明园南门往东100米
        ",0558-2596686,https://www.dianping.com/shop/G6ZbpPLm54jJFtjG
佳慕·问题性皮肤管理中心(市医院店),"颍州区
        鹿祠街老市医院东门向南200米（好视立视光中心对面）
        ",0558-3277778,https://www.dianping.com/shop/k9W5aSBKggdDbjHv
今善缘古法艾灸养生馆,"颍州区
        颍淮大道易景国际花园s15栋102
        ",15178109955,https://www.dianping.com/shop/EOq27J7n30FcvmKW
手艺人美容美发会所,"颍州区
        阜阳颍州区万达金街1期东面老凤祥往里50米。(万达5号门正对面)
        ",15055551214,https://www.dianping.com/shop/k7ZVTkxGixgoCt3t
萱蔻养生会所(阜南店),,,https://www.dianping.com/shop/G8EcN3SgZlu9xBNI
轻颜美学(界首店),"界首市其他
        人民东路国祯广场步行街北区1栋1楼1023号
        ",15083175162,https://www.dianping.com/shop/H5kmj6YTIn6dLDj9
朵妍秀美容养生会所,"颍州区
        颍西街道颍河西路阜阳商厦时代广场1号楼建行楼上（建行楼上703室）
        ",13093399217,https://www.dianping.com/shop/F9bd0MG4bDoh2S9d
唯美医疗美容,,,https://www.dianping.com/shop/l4uHFJuF502TQZLr
CK纹饰艺甲馆(管仲店),"颍上县其他
        管仲老街民俗街3一16栋34号
        ",13855854546,https://www.dianping.com/shop/G2bMkiibIAWWFscd
汐妍肌肤管理中心,"颍州区
        淮河路颍州万达1号公寓23楼2320室
        ",18196691521,https://www.dianping.com/shop/H2cQfuM5GUawvFxf
美克抗衰科技美容,"界首市其他
        法姬娜大道安居苑底商
        ",15655881213,https://www.dianping.com/shop/k52bhNBVanECnAVz
薇然皮肤管理中心(万达广场店),"颍州区
        清河街道办事处淮河路767号万达广场1号公寓1001室
        ",19165858796,https://www.dianping.com/shop/H5QfwYBVU8Z9Rqvk
克丽缇娜(御景城店),"颍州区
        柳霖路御颍州南路交叉口御景城小区门面102室
        ",0558-2595678,https://www.dianping.com/shop/EXEKZRqP5CF9lZrY
澳萃緹美肌中心(漾肤店),,,https://www.dianping.com/shop/l9fzi9cwzFC5WbkT
蕾特恩·祛痘皮肤管理中心(万达店),,,https://www.dianping.com/shop/k3wEyn1T6LhN9reP
克丽缇娜(文明路),"太和县其他
        文明路60号
        ",0558-8415555,https://www.dianping.com/shop/l4BxU2iXo0gqv69E
素美皮肤管理中心,"颍州区
        淮河路万达2号公寓9楼901室
        ",17356888369,https://www.dianping.com/shop/H6Anx6CEVJZ0mn0u
金公主SPA尊尚会所(易景国际店),,,https://www.dianping.com/shop/Ha2SvYx8td9BBLE2
青柚美甲美睫,,,https://www.dianping.com/shop/G7va915y5qFvOyuX
婧之美颜皮肤管理(海亮华府店),"颍州区
        淮河路2008号海亮华府3号楼304
        ",0558-2376669,https://www.dianping.com/shop/labG3s2UrCiFFCtZ
蓝蒂蔻国际美业,"颍州区
        西湖大道金悦金融大厦A座16楼1605
        ",17605582221,https://www.dianping.com/shop/HaDfxpXemRdcOEOY
头道汤养生馆,"颍州区
        颍州南路529号置诚公馆3号商住楼商12室
        ",0558-2255106,https://www.dianping.com/shop/k6fyMOX3fmbwwHjT
窦豆玛丽艳美容养生馆·产后修复(宝龙店),"颍州区
        清河街道淮河路宝龙城市小区3栋1单元901室
        ",19955877768,https://www.dianping.com/shop/k4SFsByxl86wnf3X
优蔻美甲(太平洋店),"颍上县其他
        幸福太平洋广场一楼西侧停车场入口旁
        ",15156666236,https://www.dianping.com/shop/k6jtQcX6WAfHkfPq
正品小样研肤中心(阜南店),"阜南县其他
        三塔路祥源新街8#302号商铺
        ",19359051092,https://www.dianping.com/shop/l9SIaCukIsI1hesk
蕾特恩·祛痘皮肤管理中心(大润发店),,,https://www.dianping.com/shop/l2V641tkeEudjSOA
L’amour Beauty 奈美美学沙龙,"颍州区
        宝龙城市广场购物中心酒店办公楼下商业户1607室
        ",13855800703,https://www.dianping.com/shop/G3xveLz1UKQe5BnY
佳慕·问题性皮肤管理中心(颍州万达店),"颍州区
        淮河路万霖美食街路口东200米周四妹火锅隔壁、万达广场对面
        ",18955835353,https://www.dianping.com/shop/k3hkLSMm88dyvK1T
XPEL汽车贴膜·天马汽车贴膜中心(东城墙店),,,https://www.dianping.com/shop/G6fMs7zkrNEtXse0
茉莉·抗衰会所,"颍州区
        易景路易景国际花园西门
        ",0558-6685656,https://www.dianping.com/shop/GaeGV4WwUfaBZYEG
函美美容院(界首店),"界首市其他
        大桥北路81号（有意思西50米)
        ",0558-4811798,https://www.dianping.com/shop/G1WnW6ZCpLNaVEYr
Y·轻奢美学·美甲美睫(颍上店),"颍上县其他
        迎宾大道新城中央城1号楼12层1205室
        ",18855899791,https://www.dianping.com/shop/H2B3Ie4mzzbXclH6
Ninety Five日式美甲美颜私订会所,"颍州区
        淮河路万达广场2号公寓1911-1912室
        ",17755898933,https://www.dianping.com/shop/kawkScIN4GV7NGec
克丽缇娜(上城国际店),"颍州区
        清河西路港利上城国际C01
        ",0558-3605888,https://www.dianping.com/shop/ZoH6WM813hBZINka
苗方清颜专业祛痘皮肤管理中心(界首店),"界首市其他
        解放四大街雨田华府1楼（附小斜对面100米左右）
        ",16655875665,https://www.dianping.com/shop/l3mhvHIPqPvKNCUB
你·好美护肤养生中心,"颍州区
        淮河路万达华府5号楼1单元902
        ",17356977115,https://www.dianping.com/shop/H4oUj7g9zFm8fQ60
韩国维娜,"颍泉区
        界首路祥富居小区11号楼101室
        ",18949056032,https://www.dianping.com/shop/H91jwZdIjMY7cdph
T•J她家美甲美睫皮肤管理,"颍州区
        清河西路怡和广场B座427
        ",15357876996,https://www.dianping.com/shop/l4XUihGwyLPsmlSU
韩熙绣皮肤管理(城隍庙店),"临泉县其他
        城南街道办事处前进西路城隍庙2号楼204铺
        ",15156841685,https://www.dianping.com/shop/G1nxIRpBTSbumSEq
美一下·问题肌肤修复中心,"阜南县其他
        阜南县鹿城镇谷河东路北侧（镇政府西50米）
        ",15755800196,https://www.dianping.com/shop/H8Sr7EpK3DNivYNh
克丽缇娜(中央豪景店),"颍泉区
        临泉路中央豪景16号（文峰公园北门对面)
        ",0558-2176789,https://www.dianping.com/shop/H6yCVTWB9q9lOIOp
欣悦美业,"颍东区
        幸福西路爱情海购物广场2楼
        ",18605583988,https://www.dianping.com/shop/k52Z9m3Glrz0Xxhj
猫匠美甲美睫(吾悦广场店),,,https://www.dianping.com/shop/HaF2vUA8cBz7ulS2
东田造型,"颍州区
        柳林路碧水雅苑A区12栋s10号商铺
        ",13345676180,https://www.dianping.com/shop/laWdpTqszFxVShkH
森鹿定制美肌中心,"颍州区
        易景路易景国际花园40栋一楼104（三蔬食堂隔壁）
        ",18133179515,https://www.dianping.com/shop/H9KOzlpxeMjMQAAf
皇宫塑美(丽丰一品店),"颍州区
        一道河中路139号丽丰一品C1#办公商业楼1916室
        ",0558-2150062,https://www.dianping.com/shop/G5JLQJpa4QDJJONC
水宜肌谜科技皮肤管理,,,https://www.dianping.com/shop/k8TTTKHALScvGRMT
NBBUTI|溯心会(金悦时代店),"颍州区
        金悦时代B栋门面房
        ",0558-2281881,https://www.dianping.com/shop/HabrhvnBsrORbqXu
三秋兮皮肤管理全国连锁(城北店),,,https://www.dianping.com/shop/G4KpmaTuqgR1OFKz
皇宫雕美医学美容门诊,"颍泉区
        人民东路98号
        ",0558-2256898,https://www.dianping.com/shop/H1zYoF8SRhdbDN5o
苗坊净颜专业祛斑祛痘连锁,"颍州区
        清河西路七彩世界7栋133号商业街西门（鲜丰水果对面）
        ",19155806969,https://www.dianping.com/shop/k9t0GBUMyLPn9NAg
御颜国际美容养生会所,"临泉县其他
        城中南路瑞景国际花园小区大门口
        ",0558-6238881,https://www.dianping.com/shop/jrqZwzR9ytHZUQT3
NAIL NAIL袅袅日式美甲美睫,"颍州区
        清河街道万达室外步行街东头2楼#211(嘉年华酒店旁)(老凤祥旁扶手梯上2楼前行30米)（老凤祥）
        ",17681107672,https://www.dianping.com/shop/G28vwt9OXSxZy9Cd
李李SKIN79皮肤管理(临泉中泉首府店),,,https://www.dianping.com/shop/l4ZsoP5dSQzAWyYg
妥特尔皮肤管理中心,"颍泉区
        慧湖路88号中央豪景小区3号楼116室
        ",15205683007,https://www.dianping.com/shop/G3CiPO5ISF76rqeh
车美居美容会所(建颍南路店),"颍上县其他
        管仲新村东门北
        ",18956711828,https://www.dianping.com/shop/G70RWPtcXgWEAm2N
克丽缇娜(临泉旗舰店),"临泉县其他
        建设南路108-109号
        ",0558-5398355,https://www.dianping.com/shop/GafFYrLKEfGdlUnG
爱馨产后恢复有限公司,,,https://www.dianping.com/shop/kaX9nMBoEgTXCLHz
觅·ME美甲美睫,"颍州区
        万达2号2105
        ",13262739390,https://www.dianping.com/shop/FWf5ccZDa7lvy8CL
瑞妍斯凯美容养生会所(环球店),"颍泉区
        胜利北路环球外滩国际城M1号
        ",0558-2666662,https://www.dianping.com/shop/G9xbJBT0gfymaMnR
爱琴海美容养生会所(万达店),"颍州区
        淮河路万达步行街二楼1-207室（老凤祥入口进）
        ",0558-3727271,https://www.dianping.com/shop/k9JyYu9axeX6Dhf9
D. F皮肤管理中心,"颍州区
        淮河路万达广场2号公寓21楼2107室
        ",13335586608,https://www.dianping.com/shop/H8yOk9fyM7Z2cabC
私爱美容养生会所(高速时代华府店),"颍东区
        涡阳北路高速时代华府9栋1405室
        ",15256061839,https://www.dianping.com/shop/H3ygUV51NexwOLaD
炫彩造型·互联网美发连锁品牌(七彩世界店),,,https://www.dianping.com/shop/k77Xh3mUFjqvhEo7
爱美养生馆,"颍泉区
        渡口幼儿园
        ",18325819173,https://www.dianping.com/shop/Ga3gSQUlx15HJECH
金匠美容美发养生,"太和县其他
        舒乐东路镜湖法庭对面
        ",13399580102,https://www.dianping.com/shop/l1IhgyJdqRTW0bVB
苗方清颜皮肤管理中心(颍州府店),"颍州区
        颍州府爱情海楼下
        ",18697682277,https://www.dianping.com/shop/GaVdqgX3cTn7bIL6
禅韵美容美体养生会所,,,https://www.dianping.com/shop/H7yfe7nDQCPIOmgX
名媛美容院,,,https://www.dianping.com/shop/H8Mo2dQr3efVWnLX
佳佳美业,,,https://www.dianping.com/shop/k6t8i3p64XC3d8zN
苗坊净颜专业祛痘祛斑(阜阳万达总店),"颍州区
        万达金街A4组10#__142
        ",15055500126,https://www.dianping.com/shop/l2Oi4zP5pVMwEMBn
纳兰美容(二村路店),,,https://www.dianping.com/shop/l4RcgFudTdUQEYcj
阜阳市人民医院-整形美容外科,"颍州区
        鹿祠街63号阜阳市人民医院门诊部5楼
        ",0558-2515123,https://www.dianping.com/shop/EX6yWVsMO0QTAzL4
靓密码美容美体旗舰店(临泉店),"临泉县其他
        解放南大街金黄山鲜果园对面巷子里500米
        ",18211087753,https://www.dianping.com/shop/k5FtIgUwzRhdA9SD
艺甲绣美甲美睫减肥美容美体,,,https://www.dianping.com/shop/l9M1hhdrApGKEMUV
丝魅美甲纹绣,"颍泉区
        中市街道阜阳百货大楼正对面绿色步行街二楼美甲区
        ",13635587015,https://www.dianping.com/shop/jRbnOg4540kr4JiN
998美甲美睫,"颍州区
        淮河路阜阳新城吾悦广场金街西头251号(蜜桃里手扶梯二楼)
        ",18855805925,https://www.dianping.com/shop/H2MrUc1uE5xe4rGO
壹加壹皮肤管理,,,https://www.dianping.com/shop/H24eb0Nzdg3gAeyU
星成美容,"颍州区
        万达广场2号公寓901室
        ",15551652333,https://www.dianping.com/shop/la9vKc6qsH4ryKUn
倩倩美容,"太和县其他
        凤凰路旧县镇人口文化广场东侧约250米
        ",15551387993,https://www.dianping.com/shop/k4foNdRNGOC19qEo
JO·Miss W专业半永久纹眉,"太和县其他
        镜湖西路晶宫悦澜湾小区
        ",15556865556,https://www.dianping.com/shop/k54fEES2k7qOmVJD
奇境美容店,"颍州区
        开发区裕安路3号
        ",17856166703,https://www.dianping.com/shop/FAc1Xe3gSgxDjhaE
臻美 丽人会(临泉店),,,https://www.dianping.com/shop/l3MkXDYYMmT2PRuf
佳慕祛痘皮肤管理连锁(太和店),"太和县其他
        镜湖西路纪念碑红绿灯往东150路北
        ",18356880123,https://www.dianping.com/shop/G8Jc9KvEWOgOBQaE
美姿颜泊草玉方总部(美姿颜),,,https://www.dianping.com/shop/G2RK3NNDrUC6aEUE
羽茜美容美体会所(谷河西路店),"阜南县其他
        金三角凉亭西侧
        ",13866209556,https://www.dianping.com/shop/l5sWyJtqUSUEzzEs
丽人美容养生会所(宜和兴城商业步行街),,,https://www.dianping.com/shop/k8otUiGDrKA8bBIu
丽洁美容店,,,https://www.dianping.com/shop/k4MLn4RKp7BVZ2o0
米兰美容SPA会所(临泉城中路店),"临泉县其他
        城中路与临鲖路交叉口西南60米
        ",0558-6535580,https://www.dianping.com/shop/G7mcccbPMW1dZHE2
寒莹养生纤体,"颍州区
        西湖大道丽丰一品南门C3栋1单元1402室(老乡鸡院内楼上)
        ",15551612365,https://www.dianping.com/shop/k5mdSC6YEMeT0Zbx
瑶芳清颜(太和芳华店),,,https://www.dianping.com/shop/H6e9C8HfOBqcAwfr
美圈一站式变美,,,https://www.dianping.com/shop/kaNnWzgPx6PoBueM
美时美刻,,,https://www.dianping.com/shop/H3fCYvm5lnTiuI8W
博爱美容会所,,,https://www.dianping.com/shop/l5VEcxalVIWBa8hk
苗方清颜皮肤管理中心(市医院店),,,https://www.dianping.com/shop/k4u9vWUO3dyAlXF3
悦·spa美容美体(万宇路店),"阜南县其他
        鹿城镇万宇步行街新百后面
        ",15551691188,https://www.dianping.com/shop/H1ddByzy9Z7H3HgL
古韵美美容馆,,,https://www.dianping.com/shop/kaJpMWK2O3qSyi1s
睫毛弯弯,"颍州区
        万达金街3号-8-124号
        ",18900583931,https://www.dianping.com/shop/H1g175E1jAijDAsf
红子汗蒸美容,"颍州区
        阜王路125号
        ",0558-2266718,https://www.dianping.com/shop/H7E24p9wdK2LqEZT
喜爱美甲美睫,"颍州区
        阜南路七彩世界步行街东门3号楼203（七彩世界步行街东门入口步梯二楼）
        ",18456057378,https://www.dianping.com/shop/HayKFWqApVdz9ihQ
爱车美车坊,,,https://www.dianping.com/shop/k1ol3NCXTwbwp3P7
悦美医学美容,"颍泉区
        胜利北路128号环球国际外滩城黄金水岸D9楼203室
        ",13515663760,https://www.dianping.com/shop/laOB9wJSFUxLLUSg
头道汤特色头疗养生馆,,,https://www.dianping.com/shop/k8TLvKt2J6BK3k5l
博蜜佳人女子美容(阜南店),,,https://www.dianping.com/shop/G3lipFRwMg82jycz
车之友汽车美容中心(阜阳二店),,,https://www.dianping.com/shop/l3Dtg1TRlzsp1PBv
领潮人美容养生时尚店,,,https://www.dianping.com/shop/G97P1gaWM4aWnMUv
卜小妮美容会所,,,https://www.dianping.com/shop/k3uebGfboQmGIYy1
百莲凯美容(工农街店),"界首市其他
        工农街38号
        ",,https://www.dianping.com/shop/k9pWct2RPukqWONn
康佰年汗蒸美容,,,https://www.dianping.com/shop/l2KWyt2Rj4pg6w4q
瑞妍美容养生会所(万达店),"颍州区
        淮河路767号万达广场2号公寓2层
        ",0558-6678899,https://www.dianping.com/shop/k3Vv4aYTJPR4NU8i
美缔可护肤,,,https://www.dianping.com/shop/juVsovl19MbODyuM
妃蒂斯美容养生会所,,,https://www.dianping.com/shop/H8OX6LkzPsOONs8U
菡美国际美容连锁(恒大绿洲店),,,https://www.dianping.com/shop/H1tOliKDin3SK0RS
安丽缇雅,,,https://www.dianping.com/shop/G8lzve2BYI19kdf1
苗方清颜专业祛痘祛斑(一店细阳路与舒乐路，三店复兴...,,,https://www.dianping.com/shop/EVTEYpnKlKe5wphn
水皇后美容会所,,,https://www.dianping.com/shop/k28nJXnpmljKBnjd
英涛皮肤管理(颍阳路店),"颍上县其他
        颍阳路502号（幸福恒太城对面向西80米）
        ",19156678686,https://www.dianping.com/shop/lalTWNaqA2AbERwr
唯美美容SPA会所(北京中路店),,,https://www.dianping.com/shop/l3VqS7xeLrDw3YSL
左岸造型(西站店),,,https://www.dianping.com/shop/l7ZZ8vUNuVY2NPzY
蒋氏美颜,,,https://www.dianping.com/shop/G45TLMAasVz3BJxV
宝洁美容美体养生馆,"颍州区
        人民西路双龙桥舒乐小区
        ",15956855805,https://www.dianping.com/shop/k1EjCSuglHIUogUS
陈焕美容养生馆,,,https://www.dianping.com/shop/H9E88w42z9CMF95d
佳人有约美容美体养生馆,,,https://www.dianping.com/shop/G8FmtkXzsO80ExVb
银十字皮肤修复管理,,,https://www.dianping.com/shop/H9MgVP3aq2ZK5dz8
新嫁娘美容汗蒸会所,,,https://www.dianping.com/shop/k5O0ZhwBOR5FFGyQ
大红美颜馆,,,https://www.dianping.com/shop/l9haWUpTrMdDCRqh
上海维娜美容养生SPA,,,https://www.dianping.com/shop/k25rLTH9pO3OeJtu
菡美国际美容连锁机构,,,https://www.dianping.com/shop/G9P6wJHS4LL5enBZ
靓密码美容美体(旗舰店),,,https://www.dianping.com/shop/H4LOMVhTsbmu8nu7
臻奇迹美容美体,,,https://www.dianping.com/shop/G9zvc1dHuv2X8CNr
曲洪欣玉容美妆,,,https://www.dianping.com/shop/H7d6LNvTz9RmeUsh
苏每美容美体养生,,,https://www.dianping.com/shop/G3MV9PiAjKac3zb0
御颜国际解放南路店,,,https://www.dianping.com/shop/H1so378eFaXjvVLW
梦丽媛养生馆美容美体,"阜南县其他
        三塔路英才学校东北侧约120米
        ",13675584151,https://www.dianping.com/shop/k9UuIgKJnJGUocEJ
美缔可美容养生馆,,,https://www.dianping.com/shop/H80GtGAOyNRixtcu
丽丽美容美体,,,https://www.dianping.com/shop/H8ohd4bvgysBR0Rg
红美女子养生会所,,,https://www.dianping.com/shop/k4qyQhzdNRpP1jVH
伊蓓诺美容养生馆,,,https://www.dianping.com/shop/l8NtyNHRwm2OaXh5
润彩美甲美睫纹绣,,,https://www.dianping.com/shop/k4b6jktaulUr7Gur
于玲美容美发,,,https://www.dianping.com/shop/G1YOeTb7ZUyjHzhg
莎莎国际美容汗蒸spa,,,https://www.dianping.com/shop/k31jNqnbFDkLgUip
天蕴美容养生,,,https://www.dianping.com/shop/l6pPbYCntH8PHbPL
金丝玉帛美甲美容,,,https://www.dianping.com/shop/k502RMxljo4OpdzL
奢莲美容美体,,,https://www.dianping.com/shop/l6h7BcEEP0HrvAqc
玉真美容养生会所,,,https://www.dianping.com/shop/FhijQoR02fsOoReT
琴瑟养生(大戏院店),,,https://www.dianping.com/shop/H1hVbEWYDzDffGL8
金丽人美容美体养生会所,,,https://www.dianping.com/shop/H6dn0AvQKsgqHqWJ
雪儿美妆美容美体养生会所(步行街店),,,https://www.dianping.com/shop/G2JYoOZ15KZD86Ew
肌研美容美体,,,https://www.dianping.com/shop/H3eJKWPMVxK8WFPr
涵美国际美容连锁(富强路店),,,https://www.dianping.com/shop/l5NLhgSdbRWogwqf
黛颜.美,,,https://www.dianping.com/shop/l3HNNYPGsUeZppJp
美宫主美容养生会所,,,https://www.dianping.com/shop/G6uTKHMnuISdhPWn
御森堂专业美容养生会所,,,https://www.dianping.com/shop/G4EiNRuwSevAbgyo
美之约美容美体(中南商业街店),,,https://www.dianping.com/shop/H8dj99cuaCQwf0Vh
焕颜美容养生spa会所,,,https://www.dianping.com/shop/l8SLls31U7Cbq9dv
章飞一绝专业祛斑美容养生会所,,,https://www.dianping.com/shop/HaCHMPUymkkvOwQ4
娇雅美容美体生活馆(信义街店),,,https://www.dianping.com/shop/k1tw7RSE4AtBXAbP
温馨佳人美容养生会所,,,https://www.dianping.com/shop/G4AlxGumAbnrdZ0T
魅丽人生美容美体养生馆(金鹰巷店),,,https://www.dianping.com/shop/kaIJAnpe7cQkSKzD
娟子美容养生会所,,,https://www.dianping.com/shop/k4LAEjeJFkO88OI0
美逅美容SPA,,,https://www.dianping.com/shop/laFI72rbLufmOrck
佳妮美容美体,,,https://www.dianping.com/shop/k695H9elNtM1NNBt
米妮韩式汗蒸美容养生会所,,,https://www.dianping.com/shop/G4g6Zzt3UuNI8vG6
美容美体(晓菲店),,,https://www.dianping.com/shop/H10paZiarBB2kpeG
动感秀美容美体造型会所(太和店),,,https://www.dianping.com/shop/H5iKXoEi6ULeeegb
多美美容美体中心,,,https://www.dianping.com/shop/G1RlbTG3p2YIklk1
故里美学颜究所,,,https://www.dianping.com/shop/iVGZ6INyddlhPlK6
纤姿瘦身美容,,,https://www.dianping.com/shop/G6ftdeE3SqJUduNJ
至臻美容馆,,,https://www.dianping.com/shop/kalTNjWjOx4wPoMO
汉芳国际美容会所,,,https://www.dianping.com/shop/G3ku4L5LvmYLRvHw
日月女子美容养生会所,,,https://www.dianping.com/shop/G1HwMgedhs0UshUv
润·千姿美容(创意路店),,,https://www.dianping.com/shop/k4ZS32D4A2mzQE5r
名仁美容美发,,,https://www.dianping.com/shop/H6jwNaRnpjxcotnS
知音纹绣美容,,,https://www.dianping.com/shop/k9pjyVnnPYN9NzDU
颜致秀化妆品美容养生会所,,,https://www.dianping.com/shop/iYhiGmMaxwV8BiAf
珍珍美容院,,,https://www.dianping.com/shop/izkZj6l1QowaRsyW
晨美美院,,,https://www.dianping.com/shop/G4tf4cR6nAs2o5g8
靓颜SPA美容美体,,,https://www.dianping.com/shop/l4IJDvlZDGGrudZA
轩雨诗美疗会所,,,https://www.dianping.com/shop/jsuSHK8oeFk7cF43
本色丽人美容养生馆,,,https://www.dianping.com/shop/H4lTdwCR48dzVgVk
美人塑造美容美体,,,https://www.dianping.com/shop/FfmgWSJBSZnHlqDw
陈爱宁医疗美容诊所,,,https://www.dianping.com/shop/G9j4oENxtuwK3RPL
减肥美容养生会所,,,https://www.dianping.com/shop/H2IZGKSHNShRMW3H
影润美容养生会所,,,https://www.dianping.com/shop/l4KohEz7JvlgDPOs
程氏减肥美容SPA馆,,,https://www.dianping.com/shop/k4GtfqhQpKNFtLpc
明星阁美容美体养生会所,,,https://www.dianping.com/shop/G3Ysb50DAEUxcWd5
美人制造皮肤管理,,,https://www.dianping.com/shop/iNTcHBuXVVcuz858
靓密码美容美体(二朗店),,,https://www.dianping.com/shop/HaU8LJAtBL5GoUce
靓密码美容美体(清浅旗舰店),,,https://www.dianping.com/shop/G4MeDkfr9kTdRlYY
韩式汗蒸美容美体美容,,,https://www.dianping.com/shop/l4CC8YFofxlNsTmy
奢莲女子美容SPA馆,,,https://www.dianping.com/shop/G3uPtmhGD8R36WU2
秀丽媤美容养生会所,,,https://www.dianping.com/shop/H9Jh16AAmWlrqabr
情妃美容店,,,https://www.dianping.com/shop/G3Jy0AbeVnjf2AXa
自然美容生活馆,,,https://www.dianping.com/shop/l9zpNmGrjnjS0gNk
蓓霓芬维娜专业美容美体,,,https://www.dianping.com/shop/l5tewdPbXgRoImq3
Kitty猫美甲美睫,,,https://www.dianping.com/shop/l9sZKfzybpQMdf8H
Angela安琪拉美容美发连锁,,,https://www.dianping.com/shop/G1T1Uo47vwtTQNca
芭芭多芦荟美容,,,https://www.dianping.com/shop/G6KbxLh0KHMulH4W
培领美容养生,,,https://www.dianping.com/shop/G1dztSJfaHGLRP23
伊人美妍美容美体,,,https://www.dianping.com/shop/H1D3EYoZB6W4C5Qs
玻妃SPA养生会所,,,https://www.dianping.com/shop/i6Rs7FE4V80giwmQ
花间堂(解放南路店),,,https://www.dianping.com/shop/isftG7locGjo1JQ5
伊嘉女子世界(颍上店),,,https://www.dianping.com/shop/G614qUGviSgSMsjV
清秀佳人美容馆(文昌路店),,,https://www.dianping.com/shop/l2EX9SXkWhHS8HyH
百媚美容院,,,https://www.dianping.com/shop/l6ygB5lFijLA7lYT
澜氏美容,,,https://www.dianping.com/shop/k8i9pi0lX3iAZyPE
雅肤乐美容会所,,,https://www.dianping.com/shop/HaCK7G5LdOAF5V0z
吉娘娘美容养生馆,,,https://www.dianping.com/shop/k9p5D4hFqBnAopHc
鑫美美容养生馆,,,https://www.dianping.com/shop/EWI8tIsXe3oF6Ism
颜美女子养生馆,,,https://www.dianping.com/shop/H5Dfmr5pCkqqMKHr
泓姿维娜美容美体,,,https://www.dianping.com/shop/G8iE9nrYnMczg6Na
蓓霓芬维娜韩式专业美容美体,,,https://www.dianping.com/shop/la5zq08BXrF8Ztef
米咔美容养生SPA造型(界首路店),,,https://www.dianping.com/shop/kafyG51PdDJku8yx
红艳美容,,,https://www.dianping.com/shop/k5aRNtWHJ5xvOCwC
华雅医学美容中心,,,https://www.dianping.com/shop/l55Dx0Y3k6n6IVd6
雅瑟科美问题性肌肤管理中心,,,https://www.dianping.com/shop/l1uOipNqu2Ztxg3W
上海维娜美容SPA养生会馆(苏集分店),,,https://www.dianping.com/shop/H5up2yvmC3P4bKvS
陆氏姐妹美容,,,https://www.dianping.com/shop/l8zDvYxOx1pprB5N
缔美妍,,,https://www.dianping.com/shop/l84nVAaK9Lv2EVvk
指染日式美甲美睫综合美学(沃尔玛店),,,https://www.dianping.com/shop/H89NH31VsQXcv0dg
静静美容美体,,,https://www.dianping.com/shop/G3ESBf115wOoaKps
星璨国际整形医院,,,https://www.dianping.com/shop/G96zU22Kj2QKVED3
新空气美业养生会所,,,https://www.dianping.com/shop/ka7tIi3rxfcu3EVR
奢莲美容,,,https://www.dianping.com/shop/k5l8pT0NKOE0OtCd
奢莲养生会所,,,https://www.dianping.com/shop/l6TDi9wTH6DFm6eR
美缔可美容美体(开乐路店),,,https://www.dianping.com/shop/G7mHvt21rkTTdrh2
孟丹美甲美容,,,https://www.dianping.com/shop/G6dfaiJDHUwgR9fA
洪军宠物美容店,,,https://www.dianping.com/shop/k1dgCFTmMVVt3QOP
苗家美容养生,,,https://www.dianping.com/shop/G4PVinrOWt5kRu0i
百车汇(居然之家店),,,https://www.dianping.com/shop/k2MCzuhKGRACZzUe
沐佳戈美容养生会所,,,https://www.dianping.com/shop/H6Z8MZuIuBlcVi8X
天姿造型美容养生,,,https://www.dianping.com/shop/H1U4JNwGcAaQRJWq
皇家塑美,,,https://www.dianping.com/shop/H1wefjzrRwTZ3Kqv
小罗美容SPA会所,,,https://www.dianping.com/shop/H5N5iNRL3EUXHIHO
爱丽阁美容养生会所,,,https://www.dianping.com/shop/iVR7OZTXlGPPHpVS
美丝尼,,,https://www.dianping.com/shop/G6ud5JPiZHCUKJGO
Kuukinail爱上美甲屋(恒大影城店),,,https://www.dianping.com/shop/G6HBYulJUo2vPVgs
薇诺诗美容美体美睫微整,,,https://www.dianping.com/shop/G9JpBQp4X74ARiBK
中药美容,,,https://www.dianping.com/shop/H1xtE9vYouqe2b67
盈盈美容馆(金品秀五店),,,https://www.dianping.com/shop/k1FAgVgzOEGwsTRM
峰丽棠美容院,,,https://www.dianping.com/shop/H1kgKtvMLSavAhLI
唯美时光养生会所,,,https://www.dianping.com/shop/k9zQDtgMP7LsslOW
王小妹医学美容诊所,,,https://www.dianping.com/shop/H1w8JcuPjOy2fO51
莉众享美,,,https://www.dianping.com/shop/l7vaoQVgyD8i7uMI
纳兰科技美肤(苏果店),,,https://www.dianping.com/shop/G8WdptZlKkf9InCq
康雅韵,,,https://www.dianping.com/shop/EXn04RR3IxGEWOX3
美缔可美容养生美体SPA馆,,,https://www.dianping.com/shop/k3oaHnRwoekqADuX
无限极美容养生,,,https://www.dianping.com/shop/CZG7Z8tHPQUkfimC
新颜美容培训学校,,,https://www.dianping.com/shop/H9jY8jbWLM4LDCm7
美缔克美容养生,,,https://www.dianping.com/shop/jT7yvseDvuUuw7f8
漫威汽车美容服务中心,,,https://www.dianping.com/shop/G1oh9vD62fs1VSUr
爱车大师,,,https://www.dianping.com/shop/FMI5RQokeqCcUozS
太和星范医疗美容,,,https://www.dianping.com/shop/G9OwohPqw8tLZJX1
舒心足道养生会所,,,https://www.dianping.com/shop/G8HCrMSDP7i7CIVr
新概念美业美容美发连锁(临泉店),,,https://www.dianping.com/shop/l3mg8OmrUsmEWyw9
凯丽(汝阴路店),,,https://www.dianping.com/shop/k8j2JdWOsufl9BLy
简美人,,,https://www.dianping.com/shop/l2804ZlI7gzD5FyR
新偶像美容美发旗舰店,,,https://www.dianping.com/shop/k6mJY34gcVOqPLh2
美姿源美甲美睫养生SPA,,,https://www.dianping.com/shop/k8inVL1r5eBPyawI
舒尔美美容体验馆(程集店),,,https://www.dianping.com/shop/H87gNSbmc89Vo8oi
美容美体瘦身减肥,,,https://www.dianping.com/shop/H8BoDGZhsnOk6ptT
安徽布雷顿健康管理有限公司(素问阁养生馆),,,https://www.dianping.com/shop/l757V3xsFUqmUoRb
华予美容美体生活馆,,,https://www.dianping.com/shop/l7jmMJvpY6AZrn5p
SPA蓓霓芬,,,https://www.dianping.com/shop/GaXNuomjllj2qFIa
爱尚美美容美体,,,https://www.dianping.com/shop/l2CeNfyaeR5g6ziT
豆豆美容养生馆,,,https://www.dianping.com/shop/k49v90sd64aDj2ev
俪媄美甲美容美体,,,https://www.dianping.com/shop/l9vgJvsBCFTZsmFr
丽萍中药美容,,,https://www.dianping.com/shop/k3NNEMlnDBKd8FSz
臻奇迹美容养生,,,https://www.dianping.com/shop/k5SK2nFrTd56BPo2
金玫瑰汽车一站式服务中心,,,https://www.dianping.com/shop/k2Lg50YEfJgVk9H1
DA DA国际美容美发,,,https://www.dianping.com/shop/k5s2zRJLzbv2odEl
鑫齐养生馆,,,https://www.dianping.com/shop/G2gzVqaXcfxkjcgB
美依泉美容店(金马巷店),,,https://www.dianping.com/shop/k6euv7jWC2IcZTrQ
天蕴靓颜美容养生会所,,,https://www.dianping.com/shop/H5uSU6wkGOX5pVCN
妍美进口化妆品,,,https://www.dianping.com/shop/l3kGxM4zKZWdFw8T
白壁上妍（小妍整骨）(临泉店),,,https://www.dianping.com/shop/j4r4XqW6KyDCMm6z
矫雅美容美体生活馆(启那线店),,,https://www.dianping.com/shop/l65M2nz72oA30AFD
美人馆(三店童装店),,,https://www.dianping.com/shop/k1rpgCEDoWPfAMAV
伊之然美容养生,,,https://www.dianping.com/shop/H7ifq2khbM5Hd4Za
靓丽美容美体会馆,,,https://www.dianping.com/shop/k7xu0lyMxo2PUQa1
安格薇 Beaute | 精准护肤,,,https://www.dianping.com/shop/kaXhymj5MDkdX0PL
颜·如初美容美体抗衰中心,,,https://www.dianping.com/shop/k7ZOx4ZuOIOW2iNp
心蕊美容养生,,,https://www.dianping.com/shop/k6AzTzyOuN5cVDPu
维朵美甲,,,https://www.dianping.com/shop/G3OliymVXiOoJN1d
阿敏女子养生会所,,,https://www.dianping.com/shop/H4oGxkwQwwDRMeWr
古槐美容美发中心,,,https://www.dianping.com/shop/l7sckaPNeibyvSuS
环球美淘,,,https://www.dianping.com/shop/l5TK6qUwMF8IyoXB
天蕴美容养生馆,,,https://www.dianping.com/shop/kaaurVPYSedFCs2L
香港悦颜,,,https://www.dianping.com/shop/G93XuaGqTTCTm1Eh
鼎美,,,https://www.dianping.com/shop/Ga1XHTW5SrR6Suxv
至尊丽人spa养生会所(新兴路店),,,https://www.dianping.com/shop/l5eHyjxULnGaNful
花样青青皮肤管理中心,,,https://www.dianping.com/shop/k2G7Ms0lHtKgZ9k1
大汉国际美容养生馆,,,https://www.dianping.com/shop/H2mRuqFovjltysaY
茉莉坊美容养生会所,,,https://www.dianping.com/shop/H8HNkU5MpjwUE5TF
LADY KOREA专业皮肤管理中心,,,https://www.dianping.com/shop/H6XLnocjrIAXpDQy
纤人阁美容养生会所,,,https://www.dianping.com/shop/l62fy13g0R91AJzW
专业调肤美容养生馆,,,https://www.dianping.com/shop/G9c3YWd1RYmebfB0
洗车人家汽车美容服务中心,,,https://www.dianping.com/shop/k6obWrercmBqoXnP
西彪美容美发养生馆,,,https://www.dianping.com/shop/G7XGdJOMnQQ0NZeT
芦媛芦荟仙人掌护肤(临泉总店),,,https://www.dianping.com/shop/k4unpyb8GK9Dlb5u
红颜美容养生会所,,,https://www.dianping.com/shop/H7XWxKUvXt43jk7Q
美丽符号,,,https://www.dianping.com/shop/FtwKz15nSbaWJP4c
红旗社区生活馆,,,https://www.dianping.com/shop/Ga1MUZc1GTe9Mgvw
新氧女子生活馆,,,https://www.dianping.com/shop/l2OEk5fq5QoMHDxg
艾尚美甲美睫美容,,,https://www.dianping.com/shop/l24CDttg1UFeBUtr
一颜美业,,,https://www.dianping.com/shop/G2gYOytHsZ6fZbLm
QJ 美业养生会所,,,https://www.dianping.com/shop/l7Y2jJKY5bh82Qjf
美人坊(闻东路店),,,https://www.dianping.com/shop/H40iecQjERGChQpD
张静美容养生会所,,,https://www.dianping.com/shop/G8aSG0M6DwdyjEW2
莎丝莉娜尊尚SPA会所(临泉店),,,https://www.dianping.com/shop/k6UB65W4Wg56mRdt
上海维娜,,,https://www.dianping.com/shop/G6iBdam5YZc3Pa7Z
魅影秀(细阳北路店),,,https://www.dianping.com/shop/l3C4HsmyEXAZ7cYJ
美容发廊,,,https://www.dianping.com/shop/k3SGHM6yEhH7qvqh
百家美容美体,,,https://www.dianping.com/shop/l9zyBUsl4B07ewvG
丽妍安然纳米汗蒸女子养生会所(泉河北店),,,https://www.dianping.com/shop/l7rtamYG0pzxwz95
温州美发美容,,,https://www.dianping.com/shop/G6RSCIBkgDcNwhfn
后宫美容美发,,,https://www.dianping.com/shop/H6lySq7GywnXMt5P
婷婷美颜坊(太和店),,,https://www.dianping.com/shop/H4VWPUgGUO1yYlSt
车缘汽车美容装潢(北京中路辅路),,,https://www.dianping.com/shop/H1EY6AmtCEyH1UxF
鹿城镇城南社区城市生活e站,,,https://www.dianping.com/shop/FBu8lxEi6obSVoYS
一剪钟情美容美发,,,https://www.dianping.com/shop/G2IY8Wt6nqcenTgW
蓝调美容美发(段郢分店),,,https://www.dianping.com/shop/k5f5Q9AqWcURq63d
自然堂美容日化,,,https://www.dianping.com/shop/l7hcuZ7NJxUIv26D
敏子造型·美容,,,https://www.dianping.com/shop/l6E4lw5HaxIlAyof
艳子专业美容美发(东清北路店),,,https://www.dianping.com/shop/jR7XnpHWik0BW5Mk
金雨美容,,,https://www.dianping.com/shop/H5ww5eheO5G5tY7g
新村嘉怡美容美发,,,https://www.dianping.com/shop/H8JyhZzUBUUhboCy
奢莲养生会所,,,https://www.dianping.com/shop/H8Yti3ziRTlh0j8R
丽娟美容美发,,,https://www.dianping.com/shop/H7E5Kanh3xJSD9lm
韩国维娜,,,https://www.dianping.com/shop/H91jwZdIjMY7cdph
美源美容美发,,,https://www.dianping.com/shop/k4QQWeBB1GcyLQVR
雪美理容,,,https://www.dianping.com/shop/k2TocqiHaa5cnodl
魅力女人养生馆,,,https://www.dianping.com/shop/l2m4Cnk3a4lbzOSt
艾美7+2美容美发,,,https://www.dianping.com/shop/F6Ue1gC6dKLSHpqr
发丝缘美容美发,,,https://www.dianping.com/shop/k6mAOG9WbdNHgZ7g
久发美容美发(百福大厦店),,,https://www.dianping.com/shop/k4rkRx2VwQLMkfhJ
爱车之家(黄岗路店),,,https://www.dianping.com/shop/G3pqBDGAFafxtwIV
维娜,,,https://www.dianping.com/shop/l1X5INdleVnSyGiL
玉颜阁专业美容养生会所,,,https://www.dianping.com/shop/H4JrK4HezKhA2CfC
美颜轩,,,https://www.dianping.com/shop/l5BWMhBUFge6uh9S
新启航汽车美容,,,https://www.dianping.com/shop/l3Jd3wQaUYztdgQx
菡美国际美容连锁机构(一道河中路店),,,https://www.dianping.com/shop/l9r3FteVtPAI5gs9
唯美美容美发(东清北路店),,,https://www.dianping.com/shop/H7QGThsCZ8XhSR2d
丽娜美容美发摄影中心,,,https://www.dianping.com/shop/l6ot5a8Fjer3xANI
美颜养生会所(城隍庙店),,,https://www.dianping.com/shop/l4aLjGMEpIpwdqh2
方方美容汗蒸养生,,,https://www.dianping.com/shop/l5ut04ulITRVoP3p
奢莲美容美体女子养生会所,,,https://www.dianping.com/shop/l43FhIUiPi4kbfqg
木子造型美容美发(文明东路店),,,https://www.dianping.com/shop/H9wNf56bDeGsTPnu
赛凡宫spa会所,,,https://www.dianping.com/shop/H6atNttkzgP0g1PY
王妃美容美发艺术公社(管仲公园店),,,https://www.dianping.com/shop/G9HNRcVJATtQv4fj
黎明美容厅,,,https://www.dianping.com/shop/G4FH9fT5lljM5Quo
乐行天下汽车美容养护中心,,,https://www.dianping.com/shop/l4qor2iWM0l91myu
彩虹美容美发,,,https://www.dianping.com/shop/k9B1A4NaJUr1t2XI
铭诚国际美容养生会所(太和店),,,https://www.dianping.com/shop/lazYbsdWmMQGIpmL
娇雅美容美体生活馆(西湖大道店),,,https://www.dianping.com/shop/H8HVtKQs2hcPZgAH
女性生殖美疗,,,https://www.dianping.com/shop/H6wg2Kw7binYAZ4D
京都美容院(太和店),,,https://www.dianping.com/shop/l9Yt3hWxzc7d8kgs
润发美容美发用品,,,https://www.dianping.com/shop/k5UcDbkJ1iDsRek8
孟小青美容美发,,,https://www.dianping.com/shop/GaPfFqoEXZ2l2RVO
本草女人秀养生美容会所,,,https://www.dianping.com/shop/H8sM9OwJHoGHRnCl
金剪美容美发,,,https://www.dianping.com/shop/k7IRul8nNKK1nUvI
天利汽车装饰,,,https://www.dianping.com/shop/ExHkBNywWde5p7O0
普丽缇莎美容美体养生馆,,,https://www.dianping.com/shop/G53sqXwPkGAInkau
后宫中医养生美容,,,https://www.dianping.com/shop/l7tBIhDrETDVCv6s
东北美容美发,,,https://www.dianping.com/shop/G9kyrxGNBmdR3wNz
asn美容美发,,,https://www.dianping.com/shop/H9AVfY3POKaASFE4
小方美容美发店,,,https://www.dianping.com/shop/H2Q7OInMGylybe9g
建伟理容,,,https://www.dianping.com/shop/G6eVOR2bqkrjY5mh
百花秀肤(双清路),,,https://www.dianping.com/shop/H1dXKiHREsS3McFW
魅丽女人(淮海路店),,,https://www.dianping.com/shop/k5JSkfWnCWFC2RRO
君子兰美发美容瘦身,,,https://www.dianping.com/shop/EXGqIJVzI2i3HMe4
AB美容美发,,,https://www.dianping.com/shop/H5coyMiYYCqPTxlK
翠雅美颜,,,https://www.dianping.com/shop/G4ni991xpXb0iDH6
徐氏汽车美容店,,,https://www.dianping.com/shop/j5fyvGjvcZGiDzES
高敬美容美发,,,https://www.dianping.com/shop/k70yhSLFJF1wIVfq
安妮理容,,,https://www.dianping.com/shop/G3CC254APlcnoij8
难忘美容美发,,,https://www.dianping.com/shop/l4AVt6PKpHfwEMxt
车之易美鹰美容装潢,,,https://www.dianping.com/shop/l8Fu909Me5yLjyym
玛萨造型护肤,,,https://www.dianping.com/shop/l5oQ8YeSDbQncE0s
咏梅专业女子养生会所,,,https://www.dianping.com/shop/l8iTeekpWVXU78oi
凤凰美容美发,,,https://www.dianping.com/shop/l649Y5W3nftQP1r6
艾琳美容美发,,,https://www.dianping.com/shop/l5UbmDg2flC6PC8k
贵夫人纯中药美容(中原路店),,,https://www.dianping.com/shop/k3snlpVIjPNCnMoB
巅峰之秀美容美发,,,https://www.dianping.com/shop/l78lLDloo2L6vHxG
卜小妮美容日化(陶庙分店),,,https://www.dianping.com/shop/iQ0bK73Tp7B5rrwK
田田圈农业服务中心(长官镇专营店),,,https://www.dianping.com/shop/G4PZDoB7XJWssLqT
自然美Natural Beauty,,,https://www.dianping.com/shop/H4Xgvi6C5IkFmz3x
运动美容美发,,,https://www.dianping.com/shop/G4FpPMXhp0dgdmRY
车之友汽车美容中心(阜阳二店),,,https://www.dianping.com/shop/l3Dtg1TRlzsp1PBv
韩丽美发店,,,https://www.dianping.com/shop/k98QpZFQDPp74Z8A
顶点美容美体养生馆,,,https://www.dianping.com/shop/k4WyHcIlRjt9dbhb
丽人理容,,,https://www.dianping.com/shop/H3CnZqRCqKt3aU46
张云美容美发厅,,,https://www.dianping.com/shop/H2a6er3BcvTNw5Xs
威妮美容美发,,,https://www.dianping.com/shop/iu8CUiVHZdMxFQAW
海燕美容美发,,,https://www.dianping.com/shop/H7eWWuemddMJGQGt
百花秀肤女子会所,,,https://www.dianping.com/shop/FQcRAAcBh1HZEcFm
FG美容美发足浴用品,,,https://www.dianping.com/shop/k3r43A2acsN8VC3U
窦氏风情美容美发,,,https://www.dianping.com/shop/G5G6n8Xhfi25lXg8
汽车美容车友会所,,,https://www.dianping.com/shop/G3tUzaSGg79ypbhV
永秀专业美容美发,,,https://www.dianping.com/shop/k5mbOTenYa4AokcU
快一秒汽车美容养护,,,https://www.dianping.com/shop/G6UDULVu2JbBpz6W
青柚美甲美睫,,,https://www.dianping.com/shop/G7va915y5qFvOyuX
美克抗衰科技美容,,,https://www.dianping.com/shop/k52bhNBVanECnAVz
JUBAN·十番美甲美睫(宝龙广场店),,,https://www.dianping.com/shop/kas3IgxBKTppSBc6
陆氏姐妹美容,,,https://www.dianping.com/shop/l8zDvYxOx1pprB5N
茉莉·抗衰会所,,,https://www.dianping.com/shop/GaeGV4WwUfaBZYEG
润·千姿美容(创意路店),,,https://www.dianping.com/shop/k4ZS32D4A2mzQE5r
琴瑟养生(大戏院店),,,https://www.dianping.com/shop/H1hVbEWYDzDffGL8
馥活美肌皮肤管理中心,,,https://www.dianping.com/shop/G6aoC4YfTPx6FEd3
瑶芳清颜(太和芳华店),,,https://www.dianping.com/shop/H6e9C8HfOBqcAwfr
JO·Miss W专业半永久纹眉,,,https://www.dianping.com/shop/k54fEES2k7qOmVJD
朵妍秀美容养生会所,,,https://www.dianping.com/shop/F9bd0MG4bDoh2S9d
克丽缇娜(颍上店),,,https://www.dianping.com/shop/H45mLDwFyhbqyOHQ
金丝玉帛美甲美容,,,https://www.dianping.com/shop/k502RMxljo4OpdzL
红颜美容养生会所,,,https://www.dianping.com/shop/H7XWxKUvXt43jk7Q
伊之然美容养生,,,https://www.dianping.com/shop/H7ifq2khbM5Hd4Za
薇然皮肤管理中心(万达广场店),,,https://www.dianping.com/shop/H5QfwYBVU8Z9Rqvk
峰丽棠美容院,,,https://www.dianping.com/shop/H1kgKtvMLSavAhLI
纯源皮肤管理,,,https://www.dianping.com/shop/H3DJR8joRuhwTMJV
亚楠美容养生会所,,,https://www.dianping.com/shop/l5291iDroZydF68D
FRESH量肤定制中心,,,https://www.dianping.com/shop/k1bgCR40S4Rjk5Gm
专业调肤美容养生馆,,,https://www.dianping.com/shop/G9c3YWd1RYmebfB0
NBBUTI|溯心会(金悦时代店),,,https://www.dianping.com/shop/HabrhvnBsrORbqXu
妃蒂斯美容养生会所,,,https://www.dianping.com/shop/H8OX6LkzPsOONs8U
蓓霓芬维娜韩式专业美容美体,,,https://www.dianping.com/shop/la5zq08BXrF8Ztef
豆豆美容养生馆,,,https://www.dianping.com/shop/k49v90sd64aDj2ev
头道汤特色头疗养生馆,,,https://www.dianping.com/shop/k8TLvKt2J6BK3k5l
奢莲女子美容SPA馆,,,https://www.dianping.com/shop/G3uPtmhGD8R36WU2
七彩伊人美容养生馆,,,https://www.dianping.com/shop/k7NbUzOmpWlBM2Jp
天蕴国际养生SPA会所,,,https://www.dianping.com/shop/G8pV3SaJkinCjYvl
美缔可美容养生美体SPA馆,,,https://www.dianping.com/shop/k3oaHnRwoekqADuX
T•J她家美甲美睫皮肤管理,,,https://www.dianping.com/shop/l4XUihGwyLPsmlSU
晓梅美容会所,,,https://www.dianping.com/shop/H2Ypk9DqsTQQBXXR
靓密码美容美体(清浅旗舰店),,,https://www.dianping.com/shop/G4MeDkfr9kTdRlYY
女人世界美容养生会所,,,https://www.dianping.com/shop/k79HIQVWsqMwov02
菡美国际美容连锁(恒大绿洲店),,,https://www.dianping.com/shop/H1tOliKDin3SK0RS
杨静SPA会所,,,https://www.dianping.com/shop/k1fQd29fugbLJrtv
金至尊养生spa会所(文旅城店),,,https://www.dianping.com/shop/l4GiuIlAQa2UlSq9
悦容皮肤管理中心,,,https://www.dianping.com/shop/k7Q3onlinrEHZd95
银十字皮肤修复管理,,,https://www.dianping.com/shop/H9MgVP3aq2ZK5dz8
曲洪欣专业点痣祛斑,,,https://www.dianping.com/shop/G7AB21EoCWgJy0Ut
指染日式美甲美睫综合美学(沃尔玛店),,,https://www.dianping.com/shop/H89NH31VsQXcv0dg
御颜国际美容养生会所,,,https://www.dianping.com/shop/jrqZwzR9ytHZUQT3
Kitty猫美甲美睫,,,https://www.dianping.com/shop/l9sZKfzybpQMdf8H
静颜皮肤管理,,,https://www.dianping.com/shop/EHUDRRA1DfS2615z
艾尚素颜皮肤修复中心,,,https://www.dianping.com/shop/k2HLmbhQ9IbGqxIO
御颜国际解放南路店,,,https://www.dianping.com/shop/H1so378eFaXjvVLW
臻奇迹养生所,,,https://www.dianping.com/shop/la8tFNb3tUsr1fAu
燕子美容养生会所,,,https://www.dianping.com/shop/FQGD7KQUHjaWeHLM
美漾焕颜中心,,,https://www.dianping.com/shop/G5rtdVlEj17rx3S5
罗蜜雅伦(万达路店),,,https://www.dianping.com/shop/HaNtcoU4fHWWLUAA
雅琳多韵皮肤管理,,,https://www.dianping.com/shop/l4JZgXg6gdqPbxwR
Lin琳美容SPA会馆,,,https://www.dianping.com/shop/l9IgbA3mk4sqnZM6
唯美皮肤管理中心,,,https://www.dianping.com/shop/Emumxv24J3yQwmcs
Aupuritie澳萃缇,,,https://www.dianping.com/shop/EdnLlHr52H8IoTTQ
spicery house皮肤管理会所,,,https://www.dianping.com/shop/jSvKrv5v97FuyXOu
U.mi美学馆,,,https://www.dianping.com/shop/G5bCP45dbGxYrMyu
泓姿维娜,,,https://www.dianping.com/shop/HaigyaO6QpFlgYou
美缔可(赵胡路店),,,https://www.dianping.com/shop/H3A8vyKzOBa4fXqY
花想容中药疗颜馆,,,https://www.dianping.com/shop/k5vuuHiEcBapRrGh
伊肤颜坊,,,https://www.dianping.com/shop/l8ujnbegpOQExhY0
AKM皮肤管理中心,,,https://www.dianping.com/shop/k70SDlFvHc0iiObP
曲姿健康管理中心,,,https://www.dianping.com/shop/karoqvoLj6c3sICH
上海维娜,,,https://www.dianping.com/shop/G2M5o3h4ISnwLgKL
孟丹美甲美容,,,https://www.dianping.com/shop/G6dfaiJDHUwgR9fA
奇境美容店,,,https://www.dianping.com/shop/FAc1Xe3gSgxDjhaE
丽之雅(颍上店),,,https://www.dianping.com/shop/G9pc6U0jHVxJcC9z
纳美一生,,,https://www.dianping.com/shop/l9G1SGDBmF33crJN
峰丽棠养生会所(港集店),,,https://www.dianping.com/shop/k2GPFZiMnyIia1EN
臻好养生,,,https://www.dianping.com/shop/l1HXk3kGfMKyzaMU
Lucky皮肤美学中心(栖霞大厦店),,,https://www.dianping.com/shop/k4t03FZEqvakmLpo
甲壳先生,,,https://www.dianping.com/shop/k8VVTff5EO5lne3v
创元·车匠汽车工作室,,,https://www.dianping.com/shop/H5eewPUmuIaNVWSU
福满堂美容养生,,,https://www.dianping.com/shop/l2zdVdOLRyKQEele
美姿源美甲美睫养生SPA,,,https://www.dianping.com/shop/k8inVL1r5eBPyawI
私爱美容养生会所(高速时代华府店),,,https://www.dianping.com/shop/H3ygUV51NexwOLaD
丝魅美甲纹绣,,,https://www.dianping.com/shop/jRbnOg4540kr4JiN
英涛皮肤管理(颍阳路店),,,https://www.dianping.com/shop/lalTWNaqA2AbERwr
金至尊养生SPA会所,,,https://www.dianping.com/shop/FqyNmp3vEsqXtC6O
佳慕祛痘皮肤管理连锁(太和店),,,https://www.dianping.com/shop/G8Jc9KvEWOgOBQaE
维妮美,,,https://www.dianping.com/shop/l8n6v3lslF8aftSh
蕾特恩·祛痘皮肤管理中心(大润发店),,,https://www.dianping.com/shop/l2V641tkeEudjSOA
遇见皮肤管理,,,https://www.dianping.com/shop/k5sCVS43HXJ7UFPg
科技美胸俱乐部,,,https://www.dianping.com/shop/H6nhCprFouF8Rmay
珍珍美容院,,,https://www.dianping.com/shop/izkZj6l1QowaRsyW
伊嘉女子世界(颍上店),,,https://www.dianping.com/shop/G614qUGviSgSMsjV
琴瑟养生(森罗店),,,https://www.dianping.com/shop/k71NndEHf1Tf31av
Angela安琪拉美容美发连锁,,,https://www.dianping.com/shop/G1T1Uo47vwtTQNca
润彩美甲美睫纹绣,,,https://www.dianping.com/shop/k4b6jktaulUr7Gur
泓姿维娜美容美体,,,https://www.dianping.com/shop/G8iE9nrYnMczg6Na
魅丽人生美容美体养生馆(金鹰巷店),,,https://www.dianping.com/shop/kaIJAnpe7cQkSKzD
御丽养生会所,,,https://www.dianping.com/shop/H14L6SYfpjL6hrEY
三美国际美容养生,,,https://www.dianping.com/shop/k1hweQKai9u1Bqb4
多美美容美体中心,,,https://www.dianping.com/shop/G1RlbTG3p2YIklk1
阜缘美主题美容会所,,,https://www.dianping.com/shop/G1YwI1fCyrqS3TZ9
秀姿姬美容美体,,,https://www.dianping.com/shop/l1RlxAC1gZr9bpMh
美缔可美容美体养生SPA馆(中兴路店),,,https://www.dianping.com/shop/H6jmUt2TTvtKFhN5
觅·ME美甲美睫,,,https://www.dianping.com/shop/FWf5ccZDa7lvy8CL
伊蓓诺美容养生馆,,,https://www.dianping.com/shop/l8NtyNHRwm2OaXh5
维娜SPA会所,,,https://www.dianping.com/shop/G87xSbS86dnjnP0s
白壁上妍（小妍整骨）(临泉店),,,https://www.dianping.com/shop/j4r4XqW6KyDCMm6z
美缔可美容美体(开乐路店),,,https://www.dianping.com/shop/G7mHvt21rkTTdrh2
玫之润女子会所,,,https://www.dianping.com/shop/l3VR2fwvQlQznrkk
花样青青皮肤管理中心,,,https://www.dianping.com/shop/k2G7Ms0lHtKgZ9k1
德仁汽车美容生活馆,,,https://www.dianping.com/shop/H4XeWGMFHaxuotwJ
琪雅美容养生会所(红星路店),,,https://www.dianping.com/shop/FQBZIhY2lHHvDBNo
COLOR ·美甲美睫,,,https://www.dianping.com/shop/l2ZZ4yFIYCKBCL0V
韩国维娜美容美体SPA会所,,,https://www.dianping.com/shop/H1SFBB58GlUHEUWF
魅力倾城养生会所(颍上店),,,https://www.dianping.com/shop/G51BH5Kv1jbyId9w
锦秀美容美发,,,https://www.dianping.com/shop/F3RXWHQSCtc578G4
森鹿定制美肌中心,,,https://www.dianping.com/shop/H9KOzlpxeMjMQAAf
吉娘娘美容养生馆,,,https://www.dianping.com/shop/k9p5D4hFqBnAopHc
金狐狸美容美体,,,https://www.dianping.com/shop/H8AZsMFM9ImbHT9e
JUANZI美甲美睫皮肤管理,,,https://www.dianping.com/shop/k8zr0bMDtBxu4mGE
臻妍,,,https://www.dianping.com/shop/G4hfEce2zsvkTLba
俪媄美甲美容美体,,,https://www.dianping.com/shop/l9vgJvsBCFTZsmFr
盈盈美容馆(金品秀五店),,,https://www.dianping.com/shop/k1FAgVgzOEGwsTRM
纤人阁美容养生会所,,,https://www.dianping.com/shop/l62fy13g0R91AJzW
伊人美妍美容美体,,,https://www.dianping.com/shop/H1D3EYoZB6W4C5Qs
克丽缇娜(文明路),,,https://www.dianping.com/shop/l4BxU2iXo0gqv69E
梦丽媛养生馆美容美体,,,https://www.dianping.com/shop/k9UuIgKJnJGUocEJ
天蕴靓颜美容养生会所,,,https://www.dianping.com/shop/H5uSU6wkGOX5pVCN
超颜水汇SPA养生会所,,,https://www.dianping.com/shop/G1hfhM6PoCVZfssR
尚轩汽车美容服务部,,,https://www.dianping.com/shop/l1peKZaNEohaCqBn
漂亮妈妈产后恢复中心(安徽太和店),,,https://www.dianping.com/shop/G8Y0ghmKEvz5lRy3
芳芳美容减肥养生馆,,,https://www.dianping.com/shop/kaKM0z8ty7BaPAae
美容美体(晓菲店),,,https://www.dianping.com/shop/H10paZiarBB2kpeG
焕颜美容养生spa会所,,,https://www.dianping.com/shop/l8SLls31U7Cbq9dv
唯美国际,,,https://www.dianping.com/shop/k7XEQT6QL7hoBGM5
华予美容美体生活馆,,,https://www.dianping.com/shop/l7jmMJvpY6AZrn5p
润之堂健康皮肤管理工作室,,,https://www.dianping.com/shop/G7D9vi2KNJDtd1VR
鼎美,,,https://www.dianping.com/shop/Ga1XHTW5SrR6Suxv
伊莉诗曼,,,https://www.dianping.com/shop/k3PZvXR0VkHrcMWe
闺蜜美容美体养生馆,,,https://www.dianping.com/shop/G8dr50dDxy1WIRMF
SPA蓓霓芬,,,https://www.dianping.com/shop/GaXNuomjllj2qFIa
矫雅美容美体生活馆(启那线店),,,https://www.dianping.com/shop/l65M2nz72oA30AFD
阜阳市人民医院-整形美容外科,,,https://www.dianping.com/shop/EX6yWVsMO0QTAzL4
蓓霓芬维娜专业美容美体,,,https://www.dianping.com/shop/l5tewdPbXgRoImq3
舒美铂兰之钥,,,https://www.dianping.com/shop/H1bTsFyvnQAml8PE
蝶之韵产后恢复新安宝贝(中山路店),,,https://www.dianping.com/shop/l43piaDENCqwoVVb
美之约美容美体(中南商业街店),,,https://www.dianping.com/shop/H8dj99cuaCQwf0Vh
苏兰养生馆,,,https://www.dianping.com/shop/k2d4e5AT1GZ6BzLb
苗方清颜皮肤管理中心(市医院店),,,https://www.dianping.com/shop/k4u9vWUO3dyAlXF3
首尔日韩皮肤管理,,,https://www.dianping.com/shop/EWcVS8TRmlzS5Sxe
清秀佳人美容馆(文昌路店),,,https://www.dianping.com/shop/l2EX9SXkWhHS8HyH
洛可儿 美容纹绣,,,https://www.dianping.com/shop/G4EaRy1yuXN3juQo
靓密码(文明大道店),,,https://www.dianping.com/shop/EnoJuElbYaM1eufj
泓姿维娜SPA养生会所,,,https://www.dianping.com/shop/G3c30P1Gal14c1NI
焕颜养生馆,,,https://www.dianping.com/shop/H4V9SnN1bXU8PdvE
靓密码美容美体(旗舰店),,,https://www.dianping.com/shop/H4LOMVhTsbmu8nu7
优雅丽人SPA会馆,,,https://www.dianping.com/shop/kakWVNeAHoVIHjOX
美尚养生会所,,,https://www.dianping.com/shop/H8iabXy2HEd0mLXX
美缔克美容养生,,,https://www.dianping.com/shop/jT7yvseDvuUuw7f8
敏娜美容养生馆,,,https://www.dianping.com/shop/l8AFQpCDjIsS7k8X
奢莲美容美体,,,https://www.dianping.com/shop/l6h7BcEEP0HrvAqc
美缔可美容养生馆,,,https://www.dianping.com/shop/H80GtGAOyNRixtcu
贵妃美容美体汗蒸会所,,,https://www.dianping.com/shop/k7soR5udEt6r0tiu
自然美容生活馆,,,https://www.dianping.com/shop/l9zpNmGrjnjS0gNk
氧颜皮肤管理,,,https://www.dianping.com/shop/Fhu1V9KfqM9VXDpx
玻妃SPA养生会所,,,https://www.dianping.com/shop/i6Rs7FE4V80giwmQ
娇雅美容美体生活馆(信义街店),,,https://www.dianping.com/shop/k1tw7RSE4AtBXAbP
黛香源美容养生身材管理,,,https://www.dianping.com/shop/k8VCeNpNhRRcN5KO
源自然皮肤管理,,,https://www.dianping.com/shop/Ha6Q8mZAN8kLxsGx
鑫美美容养生馆,,,https://www.dianping.com/shop/EWI8tIsXe3oF6Ism
臻爱女子私美会所,,,https://www.dianping.com/shop/H29E3yhweVJ5f8wu
中药美容,,,https://www.dianping.com/shop/H1xtE9vYouqe2b67
QJ 美业养生会所,,,https://www.dianping.com/shop/l7Y2jJKY5bh82Qjf
至臻美容馆,,,https://www.dianping.com/shop/kalTNjWjOx4wPoMO
美酪养生会所,,,https://www.dianping.com/shop/H6NLZi9maaXtYMhd
靓丽美容美体会馆,,,https://www.dianping.com/shop/k7xu0lyMxo2PUQa1
韩国维娜(陈桥街店),,,https://www.dianping.com/shop/H4SuBOVsGzyxOVqh
国色天香(前进路店),,,https://www.dianping.com/shop/k1PG9WoU266vPido
艺美国际(正基首府分店),,,https://www.dianping.com/shop/k1uI0GiABJ1L9ViM
枚凯车庄汽车高端护理,,,https://www.dianping.com/shop/H7K6hBsELT6UZikT
千千佳人,,,https://www.dianping.com/shop/H30B4RuCRALRy5Zt
肌肤优化管理中心,,,https://www.dianping.com/shop/H7TZBJerwygjQWoP
泓姿维娜SPA养生会所,,,https://www.dianping.com/shop/H5s0ngaNdjFHNKac
纯美美容美甲养生馆,,,https://www.dianping.com/shop/laYiLL9NtxUNqEI8
艾美阁,,,https://www.dianping.com/shop/k2MZ1OyqQxN7fX15
西彪美容美发养生馆,,,https://www.dianping.com/shop/G7XGdJOMnQQ0NZeT
水美人护肤馆,,,https://www.dianping.com/shop/H1WThDoaYj0gAL4F
纳兰美容(二村路店),,,https://www.dianping.com/shop/l4RcgFudTdUQEYcj
臻美 丽人会(临泉店),,,https://www.dianping.com/shop/l3MkXDYYMmT2PRuf
eike美刻,,,https://www.dianping.com/shop/kaNMbkztpfumELWO
大脸猫皮肤管理(贵源商贸城店),,,https://www.dianping.com/shop/l7XbtgQSW0rGBFvn
倾城美容养生会所,,,https://www.dianping.com/shop/jVRV2O81g9cU8aci
正品小样研肤中心(阜南店),,,https://www.dianping.com/shop/l9SIaCukIsI1hesk
克丽缇娜(临泉旗舰店),,,https://www.dianping.com/shop/GafFYrLKEfGdlUnG
TY国际皮肤管理中心(太中店),,,https://www.dianping.com/shop/l6RXJlHtGBih50ml
LADY KOREA专业皮肤管理中心,,,https://www.dianping.com/shop/H6XLnocjrIAXpDQy
小宇汽车美容养护(创意路店),,,https://www.dianping.com/shop/kaOzVDn0zfEzpZ9p
VV养生馆,,,https://www.dianping.com/shop/Habb7kJK4MAObqhi
嘉柏丽养生馆(幸福街店),,,https://www.dianping.com/shop/G24DxrZI8UeCZnEi
奢莲养生会所,,,https://www.dianping.com/shop/EloAeUHe7MwTbaph
玉颜专业女子美容spa馆,,,https://www.dianping.com/shop/l2rnCJWdlLKN8USr
美人坊(闻东路店),,,https://www.dianping.com/shop/H40iecQjERGChQpD
名媛美容美甲,,,https://www.dianping.com/shop/l21uPVoCTDMZCCyo
娇雅美容美发(清河西路店),,,https://www.dianping.com/shop/H7Cc6GjcYB3PDDQn
梵美博瑞美容(玫瑰庄园店),,,https://www.dianping.com/shop/l19sY3ADIWnswS98
晨迈洗车,,,https://www.dianping.com/shop/G2p9bgWDOftI38af
禅意,,,https://www.dianping.com/shop/H8tU5zZbJ10XeoQB
舒尔美美容体验馆(程集店),,,https://www.dianping.com/shop/H87gNSbmc89Vo8oi
丽蒸天下女子养生会所,,,https://www.dianping.com/shop/l6Rz5pN8dEmDVzCs
露露美容美甲,,,https://www.dianping.com/shop/k3Yvq3Qa1mVIApQE
DOLA肌肤美白中心,,,https://www.dianping.com/shop/k26PylCEsu4noJzU
美依泉美容店(金马巷店),,,https://www.dianping.com/shop/k6euv7jWC2IcZTrQ
卜小妮美容会所,,,https://www.dianping.com/shop/k3uebGfboQmGIYy1
素颜美肤,,,https://www.dianping.com/shop/H5l45TluMOUxyVzY
上海伊蓓诺女子Spa养生会馆,,,https://www.dianping.com/shop/H2it8wtdTbZ3uV3v
精致洗车,,,https://www.dianping.com/shop/H4hQwLRabxuBMTHT
皇家贵夫人(农贸街店),,,https://www.dianping.com/shop/H3PaBLOULL2hVNIy
佳妮美容美体,,,https://www.dianping.com/shop/k695H9elNtM1NNBt
可诺丹婷美颜美体,,,https://www.dianping.com/shop/G7TIb0DitKMeYr6y
臻奇迹美容养生,,,https://www.dianping.com/shop/k5SK2nFrTd56BPo2
爱婴龙宝宝·互理互理产后修复,,,https://www.dianping.com/shop/Es35LAKydh2FwDqs
樊文花面部护理连锁（颖上店）(幸福恒太城店),,,https://www.dianping.com/shop/G2ioE3XbEFtpMKsB
太和星范医疗美容,,,https://www.dianping.com/shop/G9OwohPqw8tLZJX1
伊兰琪美容,,,https://www.dianping.com/shop/G4Z9rLUmV0lmsQQo
幽雅阿芳女子生活馆,,,https://www.dianping.com/shop/H197ll2zdFRGmPbq
爱美侬美容养生会所,,,https://www.dianping.com/shop/i2KD3biOcihBCdtR
悦容美容养生会馆,,,https://www.dianping.com/shop/H7RGtH1o76EPYRXc
韩式汗蒸美容美体美容,,,https://www.dianping.com/shop/l4CC8YFofxlNsTmy
圣颜世家,,,https://www.dianping.com/shop/H6P7S8hoBlg4ybpA
俏伊利养生会所名剪,,,https://www.dianping.com/shop/jWSKpC6StpVjdG2a
禅韵美容美体养生会所,,,https://www.dianping.com/shop/H7yfe7nDQCPIOmgX
万豪汽车会所MER汽车美容护理,,,https://www.dianping.com/shop/H3b5qVl5bdN4FM74
丽萍养生会所,,,https://www.dianping.com/shop/G4zTlJyKO4WYND4b
美辰皮肤管理,,,https://www.dianping.com/shop/k1TkRc6Lko6flirN
熹柏堂美肤,,,https://www.dianping.com/shop/G7eOhGxY1lARguA9
四季伊人,,,https://www.dianping.com/shop/G3SLNstjr6N7TK3j
臻美科技皮肤管理,,,https://www.dianping.com/shop/k5ytwE4qURMncAuQ
靓密码(国祯一路店),,,https://www.dianping.com/shop/k4QWJ3MOGDQfRabq
华予美容养生会所(汇鑫·万象街店),,,https://www.dianping.com/shop/H6RnV1RUk1dyWMhN
天蕴美容养生会所(颍州中路店),,,https://www.dianping.com/shop/l8x1bajCjSabq4qc
薇薇肌肤美疗馆,,,https://www.dianping.com/shop/l7GFUhvQxbFo8Dzl
澜氏美容,,,https://www.dianping.com/shop/k8i9pi0lX3iAZyPE
靓密码美容美体(二朗店),,,https://www.dianping.com/shop/HaU8LJAtBL5GoUce
陈爱宁医疗美容诊所,,,https://www.dianping.com/shop/G9j4oENxtuwK3RPL
王小妹医学美容诊所,,,https://www.dianping.com/shop/H1w8JcuPjOy2fO51
韩颜美容美甲会所(大润发店),,,https://www.dianping.com/shop/l3ugMUOTci7X2pfz
米咔美容养生SPA造型(界首路店),,,https://www.dianping.com/shop/kafyG51PdDJku8yx
美姿颜泊草玉方总部(美姿颜),,,https://www.dianping.com/shop/G2RK3NNDrUC6aEUE
旺角美容美发美甲足浴批发总汇(文明路店),,,https://www.dianping.com/shop/k1fsLyYsjnRBgxNT
瘦之缘美容美体工作室(国祯广场店),,,https://www.dianping.com/shop/G6Y8LswnJcsUJm26
小飞汽车装饰(细阳南路店),,,https://www.dianping.com/shop/H4LbYEiMIuNZNuJQ
SEARRI 心蕊美容养生,,,https://www.dianping.com/shop/l9iSTEsKcfdwZ384
悦美私人订制养生馆,,,https://www.dianping.com/shop/H2el9JVmVNQvuos5
Z·M美容院(滑集步行街店),,,https://www.dianping.com/shop/l9ZGLXNrmlDQOZyr
艾尚美,,,https://www.dianping.com/shop/k8SmJzQRjvePSv78
AF品质造型(高速时代城店),,,https://www.dianping.com/shop/k9bhkUiMLb61n5E0
鋿R美院,,,https://www.dianping.com/shop/G3j0FFIVvFBzk06U
瑞丽名妆美容美体养生馆(国道106店),,,https://www.dianping.com/shop/Gat7jJFB5ORT3hf1
雅肤乐美容会所,,,https://www.dianping.com/shop/HaCK7G5LdOAF5V0z
小云美容美发(东清北路),,,https://www.dianping.com/shop/FvMM3vgQxVWhcOeB
美缔可美容美体养生SPA馆,,,https://www.dianping.com/shop/l2e52EzfH0oTx87T
清秀佳人美容美体(前进路店),,,https://www.dianping.com/shop/G2jmg3NyNiTm3Lk4
SR汽车美容改色,,,https://www.dianping.com/shop/k29KrnVfxqYqgfjB
靓密码美容院,,,https://www.dianping.com/shop/G9r5DZUB5ORtupkR
伊佳一美容养生馆,,,https://www.dianping.com/shop/H4E1R3Ks8ZS1hWGd
完美美容美发养生会所(新安大道),,,https://www.dianping.com/shop/l7QvHFd3F49UijEP
华予（娇雅）美容美体养生馆,,,https://www.dianping.com/shop/i2KtFhr5pkHfjBBA
永华美容纹绣名店,,,https://www.dianping.com/shop/H9Bh55wPjK8gPwXo
丽洁美容店,,,https://www.dianping.com/shop/k4MLn4RKp7BVZ2o0
那年花开美容会所,,,https://www.dianping.com/shop/H1r8j7U9hv5ACXH7
名媛美容养生SPA店,,,https://www.dianping.com/shop/H7eQCX8vRazdeKVl
维妮美,,,https://www.dianping.com/shop/G1JSTRWiHaUIMTrE
明东汽车养护,,,https://www.dianping.com/shop/G7g2yndvIj7yMm3m
车无尘装饰美容,,,https://www.dianping.com/shop/k8NGlSb6xusEkhbs
秀媛堂中药美容养生(舒乐东路店),,,https://www.dianping.com/shop/l4oetTzcr5Tko78l
情妃美容店,,,https://www.dianping.com/shop/G3Jy0AbeVnjf2AXa
阿慧美业美容美体养生馆(中兴路店),,,https://www.dianping.com/shop/G3U8hRUgucYETssK
伟霞美容养生馆,,,https://www.dianping.com/shop/H8j6vrbxAZv0oYdd
爱尚美美容美发(竞赛路店),,,https://www.dianping.com/shop/G6bTUnZZBQpzb6oB
大师贴膜(政务南路店),,,https://www.dianping.com/shop/k2UrSNAKTBqZ6dWu
梦莉娇玫瑰护肤,,,https://www.dianping.com/shop/H5fB6nEbG81qshOe
致语堂,,,https://www.dianping.com/shop/l5fjdwuMbECXgzwm
皇家塑美美容院,,,https://www.dianping.com/shop/j3sIBmMzRncL0v4Z
涵美国际美容连锁(富强路店),,,https://www.dianping.com/shop/l5NLhgSdbRWogwqf
创美养生spa会所(万宇步行街店),,,https://www.dianping.com/shop/jqEj0IlYsFGCg6wK
风尚美容美发(兴泉大道店),,,https://www.dianping.com/shop/G7Q2AzJI89awQ2cZ
秘密皇后(三堂店),,,https://www.dianping.com/shop/k2FQpXf23bnu4vRU
车爵仕汽车美容装饰养护服务,,,https://www.dianping.com/shop/HaEPvr9fY0nBUKmm
路易·香浓,,,https://www.dianping.com/shop/k6RfQ9wfMtvrCjjy
玫瑰坊美容生活馆(中央豪景店),,,https://www.dianping.com/shop/k4RhoE0LIru3fqWr
博爱美颜馆,,,https://www.dianping.com/shop/k7SOwCNekc4jusJ6
佳美医学整形美容门诊部,,,https://www.dianping.com/shop/kaPJOQqvoSquPoch
靓密码(国祯广场店),,,https://www.dianping.com/shop/G6wEq7hkic0BCUeH
安然纳米汗蒸养生馆(商贸城店),,,https://www.dianping.com/shop/G6uikTHmXFV5VCfQ
美尚汽车(中央豪景店),,,https://www.dianping.com/shop/G3uZ5FdG17NmKu5l
和谐汽车美容维修,,,https://www.dianping.com/shop/G8S0rcwtAybu52Tt
刘坤汽车美容装饰,,,https://www.dianping.com/shop/k381b0Lccjd2CcNl
琴瑟养生(古道店),,,https://www.dianping.com/shop/H1ke6Q8f5xN7OjuB
靓密码(中原路店),,,https://www.dianping.com/shop/H55x1a5G79Wh5lIi
金品秀养生馆(政和路店),,,https://www.dianping.com/shop/G7dahPD49goXQtLI
黛香源美容养生店,,,https://www.dianping.com/shop/H4e505pybl8xJsmH
新偶像美容美发旗舰店,,,https://www.dianping.com/shop/k6mJY34gcVOqPLh2
蒙子美容美甲,,,https://www.dianping.com/shop/H8fYieolaYDm0MT6
犬贝优SPA美容宠物生活馆,,,https://www.dianping.com/shop/iXUD1CWLzlm17Q0Q
迅美汽车美容中心,,,https://www.dianping.com/shop/laUqT5SN1ovyPfpz
御森堂中药熏蒸养生馆,,,https://www.dianping.com/shop/HalZW1eypmtoOrCb
中草药护肤养生,,,https://www.dianping.com/shop/G1HOd7BznCT5hvdN
程氏减肥美容SPA馆,,,https://www.dianping.com/shop/k4GtfqhQpKNFtLpc
伊思尔瑜伽美容养生会所,,,https://www.dianping.com/shop/H8IHafTRFaWtkkwI
李丕燎医疗美容诊所,,,https://www.dianping.com/shop/k8zevRh2hTFOaC9d
阜阳黛莱美医疗美容整形,,,https://www.dianping.com/shop/H6tSd5pbg4kLNLzz
靓车会专业汽车美容装潢养护会所(易景国际店),,,https://www.dianping.com/shop/k7ZmSR8MXaX2GDLo
樊文花(阜阳颍泉万达店),,,https://www.dianping.com/shop/H5Pg1FxEpBI8aHjA
云夕美容养生有限公司(颍上县半岗镇分公司),,,https://www.dianping.com/shop/l2odVGOhxsK7WKkX
奢莲养生会所(田集店),,,https://www.dianping.com/shop/k8XqjF91gdmAmRpZ
靓密码,,,https://www.dianping.com/shop/H4zjPyNKeY0eeXTM
丽丽美容美发婚纱摄影,,,https://www.dianping.com/shop/k4bUMP2PaE4iIqD1
永华专业双眼皮,,,https://www.dianping.com/shop/k40excQnxxOG2r4r
御森堂专业美容养生会所,,,https://www.dianping.com/shop/G4EiNRuwSevAbgyo
靓颜SPA美容美体,,,https://www.dianping.com/shop/l4IJDvlZDGGrudZA
优沫蒸汽洗车,,,https://www.dianping.com/shop/H3exPoCC1mIImhKF
伊微科技美容养生SPA(阜阳万达店),,,https://www.dianping.com/shop/k85fvPUDT7nO1rgX
静润皮肤管理·SPA中心(海亮华府店),,,https://www.dianping.com/shop/k7KqWOLI5DEu4fdH
壹加壹医疗美容(皖北旗舰店),,,https://www.dianping.com/shop/k4gKi7mTIbRnn5A8
关于我们·美甲美睫生活馆,,,https://www.dianping.com/shop/EEhLp3ePaQv6nNwT
克丽缇娜(万达店),,,https://www.dianping.com/shop/H3wotk27r4QFqlkS
伊佳一美容养生馆,,,https://www.dianping.com/shop/H4E1R3Ks8ZS1hWGd
微悦医疗美容医院·眼鼻整形,,,https://www.dianping.com/shop/jBb1zASQXUM26k4p
金公主SPA尊尚养生会所(摩玛蓝湾店),,,https://www.dianping.com/shop/G35Bao40fF39fQYR
梵美博瑞美容(玫瑰庄园店),,,https://www.dianping.com/shop/l19sY3ADIWnswS98
那年花开美容会所,,,https://www.dianping.com/shop/H1r8j7U9hv5ACXH7
管管美容养生(颍河东路店),,,https://www.dianping.com/shop/kawNyKpepk0Of2he
自然美Natural Beauty,,,https://www.dianping.com/shop/H4Xgvi6C5IkFmz3x
蕾特恩·祛痘皮肤管理中心(商厦店),,,https://www.dianping.com/shop/H12mCrdzNypvnm3L
天蕴美容养生会所(时代广场店),,,https://www.dianping.com/shop/k4ZHShsuotVvHSDJ
skin79皮肤管理基站(万达广场店),,,https://www.dianping.com/shop/k4BMQ2X5TQbY0jSr
AKM皮肤管理中心,,,https://www.dianping.com/shop/k70SDlFvHc0iiObP
雅典娜美容,,,https://www.dianping.com/shop/laGIj5zbJwogTqcP
Miss睿·半永久•美睫中心,,,https://www.dianping.com/shop/l7YyxGbevA5XcQAe
琪雅美容会所,,,https://www.dianping.com/shop/GaJdeF0JS4cPdk5w
